frame,NOSE_x,NOSE_y,NOSE_z,LEFT_EYE_INNER_x,LEFT_EYE_INNER_y,LEFT_EYE_INNER_z,LEFT_EYE_x,LEFT_EYE_y,LEFT_EYE_z,LEFT_EYE_OUTER_x,LEFT_EYE_OUTER_y,LEFT_EYE_OUTER_z,RIGHT_EYE_INNER_x,RIGHT_EYE_INNER_y,RIGHT_EYE_INNER_z,RIGHT_EYE_x,RIGHT_EYE_y,RIGHT_EYE_z,RIGHT_EYE_OUTER_x,RIGHT_EYE_OUTER_y,RIGHT_EYE_OUTER_z,LEFT_EAR_x,LEFT_EAR_y,LEFT_EAR_z,RIGHT_EAR_x,RIGHT_EAR_y,RIGHT_EAR_z,MOUTH_LEFT_x,MOUTH_LEFT_y,MOUTH_LEFT_z,MOUTH_RIGHT_x,MOUTH_RIGHT_y,MOUTH_RIGHT_z,LEFT_SHOULDER_x,LEFT_SHOULDER_y,LEFT_SHOULDER_z,RIGHT_SHOULDER_x,RIGHT_SHOULDER_y,RIGHT_SHOULDER_z
frame_0000.jpg,0.5393224954605103,0.4745267927646637,-1.9935797452926636,0.5904731750488281,0.42656761407852173,-1.8763142824172974,0.619028627872467,0.4272233843803406,-1.877326488494873,0.6429432034492493,0.4289647340774536,-1.8782662153244019,0.4923083186149597,0.42807090282440186,-1.8833398818969727,0.4569704234600067,0.43001556396484375,-1.8830163478851318,0.4271433651447296,0.43198201060295105,-1.8842064142227173,0.6967007517814636,0.4531997740268707,-1.0081758499145508,0.3928249776363373,0.4548356235027313,-1.0145174264907837,0.6009821891784668,0.5281142592430115,-1.659942865371704,0.4824819564819336,0.5288012027740479,-1.660470962524414,0.9268105030059814,0.6996222734451294,-0.3737681210041046,0.20098811388015747,0.6956251263618469,-0.5144162178039551
frame_0001.jpg,0.5012313723564148,0.46698474884033203,-1.9802387952804565,0.5452685952186584,0.4198569655418396,-1.8517670631408691,0.5803743600845337,0.4205004870891571,-1.8527055978775024,0.6117189526557922,0.4218747913837433,-1.8531123399734497,0.4547250270843506,0.42096027731895447,-1.8553547859191895,0.4251953959465027,0.422770619392395,-1.8550981283187866,0.39460039138793945,0.4251033067703247,-1.8561301231384277,0.6670777201652527,0.4439944624900818,-0.9810730218887329,0.3574674129486084,0.45083707571029663,-0.9710849523544312,0.5640342235565186,0.5182057023048401,-1.646972417831421,0.449933260679245,0.519067645072937,-1.6445567607879639,0.8722635507583618,0.6785962581634521,-0.44321173429489136,0.18278416991233826,0.6785488128662109,-0.43731993436813354
frame_0002.jpg,0.5093691945075989,0.4634510278701782,-1.9955439567565918,0.5543171763420105,0.4169674515724182,-1.8691767454147339,0.5867219567298889,0.41772711277008057,-1.8702702522277832,0.6177229881286621,0.41852930188179016,-1.8706504106521606,0.46066609025001526,0.4170166254043579,-1.8767116069793701,0.43187907338142395,0.4185402989387512,-1.8765884637832642,0.4050940275192261,0.4203013777732849,-1.8776828050613403,0.6656278967857361,0.4392576813697815,-1.0079900026321411,0.36495789885520935,0.44571223855018616,-1.0152006149291992,0.5707277655601501,0.5118705034255981,-1.6665295362472534,0.4510606825351715,0.5128653645515442,-1.670337438583374,0.8676469922065735,0.6719626784324646,-0.46033528447151184,0.1780398041009903,0.6737035512924194,-0.46304622292518616
frame_0003.jpg,0.5072958469390869,0.4602679908275604,-1.944040298461914,0.5526129007339478,0.41413918137550354,-1.8080891370773315,0.5852579474449158,0.414827823638916,-1.8091644048690796,0.6174947619438171,0.4156395494937897,-1.809571623802185,0.45690181851387024,0.41406378149986267,-1.8251527547836304,0.4277700185775757,0.41554200649261475,-1.8248677253723145,0.4039194881916046,0.41725727915763855,-1.8260126113891602,0.6602226495742798,0.4369431734085083,-0.9390172958374023,0.3642151951789856,0.44220778346061707,-0.9892923831939697,0.5700082778930664,0.5073906183242798,-1.6121195554733276,0.44661596417427063,0.5087706446647644,-1.6282751560211182,0.8608927130699158,0.6650813221931458,-0.4400727450847626,0.1709466427564621,0.6706776022911072,-0.48885321617126465
frame_0004.jpg,0.5049509406089783,0.46436136960983276,-2.0000710487365723,0.5515135526657104,0.4181796610355377,-1.8665705919265747,0.5846402645111084,0.4184126853942871,-1.8674167394638062,0.6166386604309082,0.41827520728111267,-1.8677951097488403,0.4545893371105194,0.41721588373184204,-1.8764243125915527,0.42412540316581726,0.4172256588935852,-1.8759018182754517,0.4015289545059204,0.4178352952003479,-1.8768938779830933,0.6572439074516296,0.4390375018119812,-0.994916558265686,0.36187994480133057,0.4438582956790924,-1.0038678646087646,0.5653716921806335,0.5076655745506287,-1.6690160036087036,0.44407641887664795,0.5111159682273865,-1.676063060760498,0.8651138544082642,0.6677736639976501,-0.44238558411598206,0.1709703803062439,0.6689261794090271,-0.5021717548370361
frame_0005.jpg,0.5027918815612793,0.4749264121055603,-2.021850347518921,0.5508751273155212,0.42707791924476624,-1.8935143947601318,0.5840461254119873,0.4261549711227417,-1.894336223602295,0.6153997182846069,0.4244447350502014,-1.8947381973266602,0.4526110589504242,0.4264201521873474,-1.90142822265625,0.420756459236145,0.42557308077812195,-1.9008264541625977,0.39842677116394043,0.42530786991119385,-1.9018208980560303,0.6547781825065613,0.4400582015514374,-1.030659556388855,0.36165446043014526,0.44459933042526245,-1.0551453828811646,0.562466561794281,0.5172412991523743,-1.6929038763046265,0.4427849054336548,0.5232239961624146,-1.6971015930175781,0.8654438257217407,0.671861469745636,-0.4632168114185333,0.17020739614963531,0.6707741022109985,-0.5223487615585327
frame_0006.jpg,0.5027327537536621,0.4897748827934265,-2.1277356147766113,0.5515769124031067,0.43896299600601196,-2.0313477516174316,0.5856989026069641,0.43673646450042725,-2.0322179794311523,0.6160458326339722,0.43408387899398804,-2.0328426361083984,0.4520789086818695,0.4404633343219757,-2.0378031730651855,0.41889211535453796,0.43964800238609314,-2.0374746322631836,0.39506766200065613,0.439500629901886,-2.03865647315979,0.6568487286567688,0.4420129358768463,-1.2040917873382568,0.3593825399875641,0.4492344260215759,-1.2089725732803345,0.5641282796859741,0.5339412689208984,-1.7961970567703247,0.44396454095840454,0.541297972202301,-1.798040509223938,0.8733769059181213,0.674322247505188,-0.5066144466400146,0.16816303133964539,0.6742771863937378,-0.6019894480705261
frame_0007.jpg,0.5054864883422852,0.5020071864128113,-2.1276285648345947,0.5555090308189392,0.44952407479286194,-2.0348029136657715,0.5898027420043945,0.44624969363212585,-2.035661220550537,0.6184857487678528,0.4429464638233185,-2.0363872051239014,0.45497027039527893,0.4531145691871643,-2.038938522338867,0.42163944244384766,0.45216289162635803,-2.0383901596069336,0.39566147327423096,0.4514414668083191,-2.0395236015319824,0.6599534749984741,0.44538775086402893,-1.2057374715805054,0.3611122965812683,0.4544452726840973,-1.1947399377822876,0.568533718585968,0.5447609424591064,-1.795455813407898,0.4474649131298065,0.5525317788124084,-1.7951154708862305,0.8772441744804382,0.676060676574707,-0.5087482333183289,0.16692544519901276,0.6746929883956909,-0.6020441651344299
frame_0008.jpg,0.5063109397888184,0.513146698474884,-2.35324764251709,0.556991457939148,0.45859163999557495,-2.260395050048828,0.5915973782539368,0.45476189255714417,-2.261136293411255,0.6194468140602112,0.450853556394577,-2.2618086338043213,0.45548534393310547,0.463273823261261,-2.264641523361206,0.4225196838378906,0.46233701705932617,-2.2643136978149414,0.3952982723712921,0.46117135882377625,-2.2655107975006104,0.6622193455696106,0.44946399331092834,-1.4114465713500977,0.3605405390262604,0.46054351329803467,-1.396854043006897,0.5705548524856567,0.5540425777435303,-2.00559401512146,0.44977429509162903,0.5627415180206299,-2.003448724746704,0.8817452788352966,0.677350640296936,-0.7230535745620728,0.16714569926261902,0.6732766032218933,-0.7421296238899231
frame_0009.jpg,0.5089597702026367,0.5230047702789307,-2.3128390312194824,0.559929370880127,0.46717599034309387,-2.1725080013275146,0.5941544771194458,0.463060587644577,-2.17330002784729,0.6218159794807434,0.45899567008018494,-2.173845052719116,0.45800459384918213,0.47176697850227356,-2.179042100906372,0.42505788803100586,0.47064903378486633,-2.1785738468170166,0.3970560133457184,0.4692491590976715,-2.1796984672546387,0.6647445559501648,0.4534984529018402,-1.3319441080093384,0.36145657300949097,0.46512651443481445,-1.3142215013504028,0.5735882520675659,0.5620564818382263,-1.9567850828170776,0.4521503448486328,0.5709072351455688,-1.9657189846038818,0.8863509297370911,0.6790786981582642,-0.6683976650238037,0.16685032844543457,0.6752403378486633,-0.7128964066505432
frame_0010.jpg,0.5063163042068481,0.5365592837333679,-2.339832067489624,0.556874692440033,0.4781930148601532,-2.2679202556610107,0.5915750861167908,0.4735872447490692,-2.268779754638672,0.6195917129516602,0.4691374897956848,-2.2695393562316895,0.455696165561676,0.4819783866405487,-2.2565977573394775,0.42285874485969543,0.48022618889808655,-2.2562174797058105,0.39493387937545776,0.47848543524742126,-2.257488250732422,0.6643335819244385,0.45860496163368225,-1.4750890731811523,0.36048221588134766,0.4700036942958832,-1.3889758586883545,0.5725196599960327,0.5736347436904907,-2.000328540802002,0.45082297921180725,0.5796608328819275,-1.9815701246261597,0.8892809748649597,0.6802548170089722,-0.7488482594490051,0.16734528541564941,0.6740841269493103,-0.7001407742500305
frame_0011.jpg,0.5009851455688477,0.5453379154205322,-2.330364942550659,0.5508929491043091,0.48683300614356995,-2.2609505653381348,0.5857945680618286,0.48257628083229065,-2.2619144916534424,0.6146359443664551,0.4782518744468689,-2.262664556503296,0.45188096165657043,0.4895992577075958,-2.24609112739563,0.4194803833961487,0.4874226152896881,-2.2458090782165527,0.3919214606285095,0.4853866696357727,-2.2470524311065674,0.6620577573776245,0.4650805592536926,-1.4576845169067383,0.3596048355102539,0.47432759404182434,-1.3597187995910645,0.5684410929679871,0.5825098752975464,-1.9899579286575317,0.44749757647514343,0.5863626599311829,-1.964828372001648,0.8911459445953369,0.6788387298583984,-0.7366869449615479,0.1676752269268036,0.673362135887146,-0.6323065757751465
frame_0012.jpg,0.4951413869857788,0.549144983291626,-2.3721706867218018,0.5456029176712036,0.48998352885246277,-2.3176674842834473,0.5812292695045471,0.48542681336402893,-2.318525552749634,0.6110212802886963,0.4809250235557556,-2.319303512573242,0.4465160071849823,0.49303627014160156,-2.296611785888672,0.414179265499115,0.49086418747901917,-2.296243906021118,0.3879226744174957,0.4887520670890808,-2.297450304031372,0.6604210138320923,0.4670190215110779,-1.5310837030410767,0.3576180636882782,0.47626611590385437,-1.4004595279693604,0.5640929341316223,0.5857436060905457,-2.0358822345733643,0.44251832365989685,0.5890445113182068,-2.000365734100342,0.8918001651763916,0.6794595122337341,-0.7913763523101807,0.1673644781112671,0.6733369827270508,-0.6549264192581177
frame_0013.jpg,0.4926093816757202,0.5483005046844482,-2.3327324390411377,0.5410164594650269,0.4896532893180847,-2.2728614807128906,0.5765923261642456,0.4848586320877075,-2.2736873626708984,0.6070060133934021,0.48019883036613464,-2.2744710445404053,0.44322067499160767,0.49323856830596924,-2.256284236907959,0.4109742045402527,0.49140694737434387,-2.2558887004852295,0.38535076379776,0.4896027743816376,-2.2570748329162598,0.6570396423339844,0.46710067987442017,-1.4982032775878906,0.35600876808166504,0.4772833287715912,-1.382919192314148,0.5621050000190735,0.5851584076881409,-2.000764846801758,0.4409913122653961,0.5893735885620117,-1.9712198972702026,0.8930003046989441,0.6791365742683411,-0.7917093634605408,0.1675085574388504,0.6727745532989502,-0.6665540933609009
frame_0014.jpg,0.49217167496681213,0.5465823411941528,-2.3313233852386475,0.5410054922103882,0.48825690150260925,-2.2694358825683594,0.576644778251648,0.48367971181869507,-2.2702887058258057,0.6068501472473145,0.4792861044406891,-2.2711143493652344,0.44262412190437317,0.4915162920951843,-2.2558178901672363,0.4102298319339752,0.489719420671463,-2.25541615486145,0.38443252444267273,0.487997829914093,-2.256618022918701,0.6564070582389832,0.46711185574531555,-1.4835366010665894,0.35487571358680725,0.47708621621131897,-1.3845421075820923,0.5616052150726318,0.583726704120636,-1.998046636581421,0.4401814937591553,0.5878740549087524,-1.971192717552185,0.8941141366958618,0.6792199015617371,-0.7832765579223633,0.1668984591960907,0.6732403635978699,-0.6777231693267822
frame_0015.jpg,0.4913140833377838,0.5452316403388977,-2.3692777156829834,0.5406596660614014,0.48703792691230774,-2.312849998474121,0.5762986540794373,0.4826321005821228,-2.3137176036834717,0.6064255237579346,0.47843286395072937,-2.31459641456604,0.44176337122917175,0.49012330174446106,-2.298314332962036,0.4092807173728943,0.48837387561798096,-2.2979159355163574,0.3835200071334839,0.48672524094581604,-2.2991015911102295,0.6557251811027527,0.46705904603004456,-1.529822587966919,0.3543627858161926,0.47694578766822815,-1.4272624254226685,0.5607109069824219,0.5825589895248413,-2.035168409347534,0.43902572989463806,0.5865651369094849,-2.0069382190704346,0.8945941925048828,0.6793129444122314,-0.8126512169837952,0.16575363278388977,0.6733046770095825,-0.7036370635032654
frame_0016.jpg,0.4915769696235657,0.5463841557502747,-2.490736722946167,0.5409823656082153,0.48835352063179016,-2.4286882877349854,0.5766279697418213,0.4840671420097351,-2.429542303085327,0.6066738963127136,0.4799339473247528,-2.430171489715576,0.4417503774166107,0.4909208118915558,-2.4115843772888184,0.40910205245018005,0.4888871908187866,-2.4114699363708496,0.383096843957901,0.48703280091285706,-2.4126856327056885,0.6559563875198364,0.46808138489723206,-1.631193995475769,0.35382765531539917,0.47707459330558777,-1.520766019821167,0.5607157945632935,0.5838831663131714,-2.150594711303711,0.43895450234413147,0.5874780416488647,-2.120128631591797,0.8947989344596863,0.678593635559082,-0.9223073720932007,0.16536539793014526,0.6736549735069275,-0.7775948643684387
frame_0017.jpg,0.49075719714164734,0.5475773215293884,-2.511950969696045,0.5399115085601807,0.48939162492752075,-2.4469757080078125,0.5757033228874207,0.4851147532463074,-2.4478232860565186,0.6059854626655579,0.48091641068458557,-2.4484496116638184,0.44053035974502563,0.49168702960014343,-2.4329025745391846,0.4077875018119812,0.4894952178001404,-2.432713508605957,0.38195183873176575,0.48750460147857666,-2.4339442253112793,0.6555541753768921,0.4688616991043091,-1.6329586505889893,0.35322052240371704,0.4773378074169159,-1.5359371900558472,0.5600599646568298,0.585163950920105,-2.1656267642974854,0.4380906820297241,0.5883165597915649,-2.1394224166870117,0.8954917192459106,0.6789110898971558,-0.8906348943710327,0.16519732773303986,0.6738476157188416,-0.7774686217308044
frame_0018.jpg,0.48989370465278625,0.5474683046340942,-2.474161386489868,0.539211630821228,0.48937124013900757,-2.412322521209717,0.5750677585601807,0.48510825634002686,-2.4131903648376465,0.6054375171661377,0.4809437692165375,-2.413942575454712,0.4395376741886139,0.4916684031486511,-2.396143913269043,0.4067665636539459,0.48946791887283325,-2.3959059715270996,0.38105639815330505,0.4874395728111267,-2.3970751762390137,0.6554429531097412,0.46911224722862244,-1.6155577898025513,0.35284486413002014,0.4773184359073639,-1.507253885269165,0.5596310496330261,0.5851281881332397,-2.13431715965271,0.4373544156551361,0.5883165001869202,-2.105417490005493,0.8965256214141846,0.6790421009063721,-0.8967882990837097,0.16523632407188416,0.6740707159042358,-0.7655124664306641
frame_0019.jpg,0.48983222246170044,0.5477515459060669,-2.4474496841430664,0.5393186807632446,0.48991021513938904,-2.3832900524139404,0.5751670002937317,0.48563626408576965,-2.3841395378112793,0.6054622530937195,0.48144230246543884,-2.384881019592285,0.4395409822463989,0.49206310510635376,-2.3690853118896484,0.40672919154167175,0.48978185653686523,-2.3688013553619385,0.3809157609939575,0.4876849353313446,-2.3699467182159424,0.6553407907485962,0.4696322977542877,-1.5845354795455933,0.3523256778717041,0.47740456461906433,-1.4866011142730713,0.5592809319496155,0.5854483842849731,-2.108905553817749,0.4371764063835144,0.5886184573173523,-2.0823473930358887,0.8972129821777344,0.6791533827781677,-0.8741422891616821,0.1647353321313858,0.6741305589675903,-0.7559654712677002
frame_0020.jpg,0.4889100193977356,0.5478986501693726,-2.439286470413208,0.5386947393417358,0.4900554418563843,-2.3686983585357666,0.5745996832847595,0.48584088683128357,-2.3695437908172607,0.6049018502235413,0.48173993825912476,-2.370267391204834,0.4392124116420746,0.4921715557575226,-2.35902738571167,0.40649786591529846,0.48988065123558044,-2.358750104904175,0.3806518614292145,0.48779094219207764,-2.359976053237915,0.6550188064575195,0.4702754020690918,-1.5713231563568115,0.3523634970188141,0.47751584649086,-1.4825081825256348,0.5587364435195923,0.5854378342628479,-2.097957134246826,0.43653467297554016,0.5884770750999451,-2.080681085586548,0.8975905776023865,0.6797313094139099,-0.865429162979126,0.1647609919309616,0.6742304563522339,-0.6971874237060547
frame_0021.jpg,0.48889437317848206,0.5493003129959106,-2.415928602218628,0.5387924909591675,0.49073493480682373,-2.3588578701019287,0.574701726436615,0.48657000064849854,-2.3596975803375244,0.6049618124961853,0.48253780603408813,-2.360506534576416,0.43915605545043945,0.4929310381412506,-2.3485889434814453,0.4063674509525299,0.4906463027000427,-2.3483049869537354,0.38034170866012573,0.4885771572589874,-2.3495266437530518,0.654983401298523,0.4709111750125885,-1.5697965621948242,0.35195180773735046,0.4778966009616852,-1.481184720993042,0.5588251352310181,0.5865224003791809,-2.0747575759887695,0.43640395998954773,0.5891520380973816,-2.0540809631347656,0.8980743288993835,0.6799404621124268,-0.8261152505874634,0.1638832837343216,0.6745465993881226,-0.697671115398407
frame_0022.jpg,0.4889751374721527,0.5506448745727539,-2.4462757110595703,0.5388572216033936,0.4915768504142761,-2.3964340686798096,0.5747595429420471,0.4872994124889374,-2.397207736968994,0.6049898266792297,0.4831475615501404,-2.3981223106384277,0.4391666650772095,0.4940621256828308,-2.38507342338562,0.40633782744407654,0.4917468726634979,-2.384617567062378,0.38018274307250977,0.48964014649391174,-2.3857340812683105,0.6550086140632629,0.4711933135986328,-1.6055666208267212,0.3517708480358124,0.4785091280937195,-1.5107887983322144,0.5589070916175842,0.5870349407196045,-2.1046230792999268,0.4364688992500305,0.5897148251533508,-2.0801308155059814,0.8982104659080505,0.6799362897872925,-0.8590362668037415,0.16382381319999695,0.6742227077484131,-0.769170880317688
frame_0023.jpg,0.48903796076774597,0.5514435172080994,-2.437088966369629,0.5388904213905334,0.49219760298728943,-2.383636474609375,0.5747828483581543,0.48793914914131165,-2.384434461593628,0.6049778461456299,0.48375070095062256,-2.3853085041046143,0.4391873776912689,0.4945341944694519,-2.3717453479766846,0.4063514769077301,0.49213358759880066,-2.371321201324463,0.3801141381263733,0.48996007442474365,-2.3724472522735596,0.6548753380775452,0.4714359939098358,-1.5915656089782715,0.35152673721313477,0.47865739464759827,-1.5045396089553833,0.5589727759361267,0.587595522403717,-2.0967650413513184,0.43650949001312256,0.5901298522949219,-2.0730550289154053,0.8985475897789001,0.6799942255020142,-0.8603440523147583,0.16388529539108276,0.6742967963218689,-0.7369725704193115
frame_0024.jpg,0.48909464478492737,0.5519256591796875,-2.431828498840332,0.5388807654380798,0.49247249960899353,-2.3778116703033447,0.5747038125991821,0.48815155029296875,-2.378607988357544,0.6048106551170349,0.4839304983615875,-2.379490852355957,0.4392392635345459,0.49499112367630005,-2.365295171737671,0.4064004719257355,0.4926500618457794,-2.3649096488952637,0.38013678789138794,0.4905509352684021,-2.3660078048706055,0.6545389890670776,0.4717006981372833,-1.5859878063201904,0.3515264391899109,0.4793068766593933,-1.4953428506851196,0.5589908361434937,0.5881281495094299,-2.0923216342926025,0.4365508258342743,0.5905654430389404,-2.0676753520965576,0.8987563848495483,0.6802660226821899,-0.858426570892334,0.16377639770507812,0.674355149269104,-0.7479879260063171
frame_0025.jpg,0.48879489302635193,0.5523602366447449,-2.3899600505828857,0.5382982492446899,0.4930374324321747,-2.338698387145996,0.5740978717803955,0.4887227714061737,-2.339482307434082,0.6042475700378418,0.48447731137275696,-2.340287685394287,0.43906810879707336,0.4955073595046997,-2.31703782081604,0.4063006639480591,0.49313023686408997,-2.316807985305786,0.3800491988658905,0.49101194739341736,-2.3179826736450195,0.6541012525558472,0.47224944829940796,-1.563338279724121,0.3515183925628662,0.4797075092792511,-1.4318801164627075,0.5587360262870789,0.5884606242179871,-2.0574636459350586,0.4365423917770386,0.5909348726272583,-2.0215349197387695,0.8989797234535217,0.6803155541419983,-0.8357192277908325,0.16386322677135468,0.6744635105133057,-0.6935954689979553
frame_0026.jpg,0.4888235628604889,0.552456259727478,-2.3632800579071045,0.538308322429657,0.4931633770465851,-2.3123762607574463,0.5740622878074646,0.48879289627075195,-2.3130931854248047,0.6041310429573059,0.4845140874385834,-2.3139071464538574,0.4390970766544342,0.49573764204978943,-2.298553943634033,0.4063277542591095,0.4933537542819977,-2.2983005046844482,0.3800359070301056,0.49121102690696716,-2.299400568008423,0.6537099480628967,0.47240325808525085,-1.5470846891403198,0.35122767090797424,0.4800337851047516,-1.4336003065109253,0.5587508678436279,0.5884678959846497,-2.03484845161438,0.4366348683834076,0.5910756587982178,-2.00869083404541,0.8986718058586121,0.6799725890159607,-0.8346051573753357,0.16422821581363678,0.6744203567504883,-0.7116377949714661
frame_0027.jpg,0.48796018958091736,0.5518292784690857,-2.203009843826294,0.5379396677017212,0.4924491047859192,-2.152174472808838,0.5737190246582031,0.48809492588043213,-2.1529581546783447,0.603783369064331,0.4839029610157013,-2.1540017127990723,0.43872952461242676,0.49506574869155884,-2.130502939224243,0.4060867130756378,0.4927278459072113,-2.1299548149108887,0.3798590302467346,0.49063724279403687,-2.131063938140869,0.6536518335342407,0.47232237458229065,-1.4084281921386719,0.3512832224369049,0.47990262508392334,-1.2698090076446533,0.5584309697151184,0.5877169370651245,-1.8856700658798218,0.43616414070129395,0.5904060006141663,-1.8480182886123657,0.8988064527511597,0.6800753474235535,-0.724434494972229,0.1657051295042038,0.6724163889884949,-0.6051957011222839
frame_0028.jpg,0.48791322112083435,0.5518535375595093,-2.2502849102020264,0.5378382205963135,0.49243971705436707,-2.2031664848327637,0.5735969543457031,0.48806482553482056,-2.2039682865142822,0.603649377822876,0.4838734269142151,-2.2049355506896973,0.43866902589797974,0.49515166878700256,-2.187293291091919,0.40603500604629517,0.4928499758243561,-2.187112331390381,0.37978509068489075,0.49078837037086487,-2.188366413116455,0.6535987854003906,0.472278892993927,-1.4479074478149414,0.3513096570968628,0.48013538122177124,-1.3336689472198486,0.5584138631820679,0.5877047181129456,-1.9253422021865845,0.43618759512901306,0.590499758720398,-1.8943488597869873,0.8992227911949158,0.6796273589134216,-0.7299992442131042,0.16571524739265442,0.6727403402328491,-0.654202938079834
frame_0029.jpg,0.48793861269950867,0.5518063306808472,-2.2756543159484863,0.5378340482711792,0.4924112856388092,-2.2250726222991943,0.5735520720481873,0.48804375529289246,-2.2258830070495605,0.6035680770874023,0.4838469922542572,-2.226776599884033,0.4387837052345276,0.495143324136734,-2.2092316150665283,0.4062161445617676,0.4928521513938904,-2.20900559425354,0.37989574670791626,0.4907967150211334,-2.210202217102051,0.6535155773162842,0.4722766578197479,-1.4615068435668945,0.35137301683425903,0.480231910943985,-1.3518073558807373,0.5584197044372559,0.5876852869987488,-1.9478228092193604,0.4363487958908081,0.5905411839485168,-1.9181437492370605,0.8993074893951416,0.6795014142990112,-0.7388900518417358,0.16574828326702118,0.6725647449493408,-0.6605161428451538
frame_0030.jpg,0.48796945810317993,0.5515363812446594,-2.2406840324401855,0.5377922058105469,0.4923277795314789,-2.1830294132232666,0.5734647512435913,0.4879370331764221,-2.1838953495025635,0.603428065776825,0.48373299837112427,-2.1847732067108154,0.4388652443885803,0.4951123893260956,-2.168935537338257,0.4064156115055084,0.49283844232559204,-2.168576955795288,0.38007989525794983,0.49078673124313354,-2.1697194576263428,0.6534968614578247,0.4722767174243927,-1.4025564193725586,0.3516201078891754,0.4805109202861786,-1.304463267326355,0.5584352612495422,0.5874897241592407,-1.9083116054534912,0.43664073944091797,0.5905292630195618,-1.8814234733581543,0.8993739485740662,0.6795704364776611,-0.6698062419891357,0.16577214002609253,0.6724845170974731,-0.6160165667533875
frame_0031.jpg,0.48778507113456726,0.5515039563179016,-2.4007599353790283,0.5374864935874939,0.4923110902309418,-2.348179340362549,0.5731523633003235,0.48790985345840454,-2.348893880844116,0.6031057238578796,0.4837077558040619,-2.349796772003174,0.4388282001018524,0.49512597918510437,-2.329206705093384,0.40642014145851135,0.49286574125289917,-2.3287761211395264,0.3800834119319916,0.49081072211265564,-2.3298535346984863,0.6533815264701843,0.47225916385650635,-1.56257963180542,0.3516649305820465,0.4805469512939453,-1.4400254487991333,0.5583423972129822,0.587466835975647,-2.0652785301208496,0.4366653263568878,0.5905823111534119,-2.031268358230591,0.9005271196365356,0.6798651814460754,-0.8278520703315735,0.16584080457687378,0.6721543669700623,-0.6974065899848938
frame_0032.jpg,0.4864806532859802,0.551466166973114,-2.405940532684326,0.5364660620689392,0.49234265089035034,-2.349648952484131,0.5723839998245239,0.4879315495491028,-2.3503899574279785,0.6025928854942322,0.48370426893234253,-2.3511641025543213,0.4378322958946228,0.49511614441871643,-2.3290185928344727,0.40557214617729187,0.4928556978702545,-2.3287270069122314,0.37957268953323364,0.49079465866088867,-2.3297858238220215,0.6532824039459229,0.47225430607795715,-1.5664467811584473,0.3516535758972168,0.4805186986923218,-1.4394350051879883,0.5568069815635681,0.5874463319778442,-2.072360038757324,0.4358668923377991,0.5905752778053284,-2.0370185375213623,0.9009630084037781,0.6798974275588989,-0.8582867383956909,0.1660151481628418,0.6716346740722656,-0.6880801320075989
frame_0033.jpg,0.4855741858482361,0.5514382719993591,-2.5011918544769287,0.5358657836914062,0.49232780933380127,-2.4412734508514404,0.5718995332717896,0.48788323998451233,-2.44205379486084,0.6022387742996216,0.4836098253726959,-2.4428184032440186,0.43734005093574524,0.495116263628006,-2.422874927520752,0.4051891565322876,0.49288180470466614,-2.422635555267334,0.3793152868747711,0.4908306896686554,-2.423807382583618,0.6532794237136841,0.4722457826137543,-1.6433355808258057,0.351663202047348,0.48058879375457764,-1.5228078365325928,0.5561104416847229,0.5874564051628113,-2.16054105758667,0.43566814064979553,0.5907160639762878,-2.1278204917907715,0.9027243852615356,0.6803932189941406,-0.932759702205658,0.1661437302827835,0.6715184450149536,-0.7695563435554504
frame_0034.jpg,0.4848194122314453,0.5513648986816406,-2.467536211013794,0.5350393056869507,0.4923156499862671,-2.409517526626587,0.5710936784744263,0.487869530916214,-2.410306453704834,0.6015927791595459,0.48359414935112,-2.4110965728759766,0.4368784725666046,0.4950938820838928,-2.3913047313690186,0.4048589766025543,0.4928469657897949,-2.391040563583374,0.37913912534713745,0.490766316652298,-2.3921844959259033,0.6531277894973755,0.4722467064857483,-1.6248023509979248,0.3516727685928345,0.48050591349601746,-1.5033512115478516,0.5556660890579224,0.5872228145599365,-2.1295859813690186,0.4351744055747986,0.5906012058258057,-2.09790301322937,0.9027966260910034,0.6804139018058777,-0.9066819548606873,0.1661650687456131,0.6699848771095276,-0.7687790393829346
frame_0035.jpg,0.48474031686782837,0.5508570075035095,-2.458740711212158,0.5349525809288025,0.49205636978149414,-2.3995819091796875,0.5709187984466553,0.48759910464286804,-2.4003796577453613,0.6013658046722412,0.48331791162490845,-2.401104211807251,0.4369538724422455,0.4948573410511017,-2.383903741836548,0.40510129928588867,0.4926658272743225,-2.3837010860443115,0.37937912344932556,0.49059584736824036,-2.3848259449005127,0.6530628204345703,0.47208353877067566,-1.6114393472671509,0.3523772656917572,0.4804026484489441,-1.496275544166565,0.5555887222290039,0.5870422720909119,-2.1173324584960938,0.4351761043071747,0.590342104434967,-2.0887951850891113,0.9027051329612732,0.6803660988807678,-0.8778213858604431,0.16736412048339844,0.6681196093559265,-0.7672331929206848
frame_0036.jpg,0.4841087758541107,0.5423117280006409,-2.535309076309204,0.5345925092697144,0.4849373996257782,-2.4649291038513184,0.5706970691680908,0.4806295931339264,-2.4656920433044434,0.6012729406356812,0.47616302967071533,-2.4662351608276367,0.4361150562763214,0.48859965801239014,-2.4536144733428955,0.4045395255088806,0.4869282841682434,-2.4536783695220947,0.3790672719478607,0.48510822653770447,-2.4549062252044678,0.6531504392623901,0.46760040521621704,-1.6649028062820435,0.35261014103889465,0.4780488908290863,-1.5765856504440308,0.5553081035614014,0.580414354801178,-2.2008635997772217,0.43466857075691223,0.5850117802619934,-2.178048849105835,0.9060670733451843,0.6802489161491394,-0.9505178928375244,0.16816043853759766,0.6681925058364868,-0.8850168585777283
frame_0037.jpg,0.48377466201782227,0.5306117534637451,-2.3340401649475098,0.5342993140220642,0.47477057576179504,-2.2473127841949463,0.5704838037490845,0.47054046392440796,-2.248166084289551,0.6012089848518372,0.4663497507572174,-2.24873423576355,0.4354364573955536,0.4794174134731293,-2.239945650100708,0.40390652418136597,0.4779874384403229,-2.2397422790527344,0.37875351309776306,0.476536363363266,-2.241034746170044,0.6530269980430603,0.462576687335968,-1.4286036491394043,0.35262489318847656,0.4736308157444,-1.3637652397155762,0.5546777248382568,0.5724422931671143,-1.9998080730438232,0.43410128355026245,0.5769374370574951,-1.9830098152160645,0.9050139784812927,0.6801927089691162,-0.7277935147285461,0.16748438775539398,0.6677490472793579,-0.7240003943443298
frame_0038.jpg,0.4832468628883362,0.5138424634933472,-2.323746681213379,0.5338732600212097,0.4618062973022461,-2.2393229007720947,0.5701176524162292,0.4588106870651245,-2.240145444869995,0.6008925437927246,0.4558045268058777,-2.2406320571899414,0.4345482289791107,0.46509215235710144,-2.231161594390869,0.40286383032798767,0.46477997303009033,-2.2309913635253906,0.3782912790775299,0.4644128680229187,-2.2322840690612793,0.6525718569755554,0.4580199122428894,-1.4398208856582642,0.35244521498680115,0.46769681572914124,-1.366294503211975,0.5533744096755981,0.5598071813583374,-1.998581051826477,0.4319513142108917,0.5654289722442627,-1.979750394821167,0.9043341279029846,0.6793359518051147,-0.7548778057098389,0.16749417781829834,0.6681084036827087,-0.738732099533081
frame_0039.jpg,0.4783021807670593,0.4998561143875122,-2.2828280925750732,0.5311352610588074,0.44872090220451355,-2.1980926990509033,0.5668847560882568,0.4462870657444,-2.1988797187805176,0.5982975363731384,0.4441145658493042,-2.199336051940918,0.43253886699676514,0.4517023265361786,-2.182101011276245,0.4013945460319519,0.45162802934646606,-2.1819064617156982,0.37758591771125793,0.4512212574481964,-2.1832680702209473,0.649719774723053,0.4530317485332489,-1.4224597215652466,0.35230398178100586,0.4608187675476074,-1.320041298866272,0.5455020070075989,0.5465363264083862,-1.973429560661316,0.42489346861839294,0.5518143773078918,-1.9456933736801147,0.9029550552368164,0.6793496608734131,-0.7611249089241028,0.167649045586586,0.6700629591941833,-0.7286664247512817
frame_0040.jpg,0.4756132960319519,0.48398932814598083,-2.206958055496216,0.5279562473297119,0.43570613861083984,-2.1140573024749756,0.5626367926597595,0.43467119336128235,-2.11480975151062,0.5945814847946167,0.4341426193714142,-2.1151797771453857,0.43162184953689575,0.4379679262638092,-2.101661205291748,0.4009191393852234,0.4383593499660492,-2.1014034748077393,0.377422571182251,0.4388718605041504,-2.1027889251708984,0.6473211050033569,0.44945964217185974,-1.3519766330718994,0.3523806929588318,0.4557630121707916,-1.2685143947601318,0.541335940361023,0.5319644212722778,-1.9097968339920044,0.4213087558746338,0.536031186580658,-1.886406421661377,0.9005922675132751,0.6796836853027344,-0.7376608848571777,0.1679050326347351,0.6723178029060364,-0.7285545468330383
frame_0041.jpg,0.47582945227622986,0.4651949107646942,-2.156179428100586,0.5279932022094727,0.41881245374679565,-2.050229072570801,0.5626447796821594,0.41887038946151733,-2.051107883453369,0.5945454239845276,0.41956785321235657,-2.0514626502990723,0.43180397152900696,0.42080238461494446,-2.0426275730133057,0.4010864794254303,0.4222332537174225,-2.0422661304473877,0.3775624930858612,0.4242120683193207,-2.043678045272827,0.6472194790840149,0.44301551580429077,-1.2695684432983398,0.35304462909698486,0.4489041268825531,-1.2063804864883423,0.5423820614814758,0.5127251148223877,-1.8575831651687622,0.4213966429233551,0.5158587694168091,-1.8398535251617432,0.9002261757850647,0.6796897053718567,-0.6834551692008972,0.16871613264083862,0.6762320399284363,-0.7097282409667969
frame_0042.jpg,0.47611096501350403,0.4565752446651459,-2.191497325897217,0.527991771697998,0.41140881180763245,-2.0874826908111572,0.5625442266464233,0.4116550385951996,-2.0882561206817627,0.5942823886871338,0.4127993583679199,-2.088557481765747,0.4320662021636963,0.41388633847236633,-2.080766201019287,0.40131959319114685,0.41602951288223267,-2.0804836750030518,0.377761572599411,0.4187812805175781,-2.0819177627563477,0.646546483039856,0.43917974829673767,-1.3081188201904297,0.35316896438598633,0.4460868537425995,-1.2492687702178955,0.5434941053390503,0.5037106275558472,-1.8900012969970703,0.42146509885787964,0.5076842904090881,-1.8728971481323242,0.8996728658676147,0.6807937026023865,-0.7076184153556824,0.16921581327915192,0.6786540746688843,-0.7400896549224854
frame_0043.jpg,0.47823649644851685,0.45257341861724854,-2.0801303386688232,0.5281698107719421,0.4082111418247223,-1.9623745679855347,0.5625923275947571,0.4084053039550781,-1.9631277322769165,0.5942395329475403,0.4096050262451172,-1.963349461555481,0.43246594071388245,0.4110810160636902,-1.9612458944320679,0.4015595614910126,0.4134317636489868,-1.9609755277633667,0.377847284078598,0.4164893329143524,-1.962356686592102,0.6460031270980835,0.436937540769577,-1.1806524991989136,0.353046715259552,0.44484058022499084,-1.1518440246582031,0.5467453002929688,0.4999999403953552,-1.7858396768569946,0.42226576805114746,0.5045784711837769,-1.7775979042053223,0.8956175446510315,0.6807974576950073,-0.6268499493598938,0.1692347526550293,0.6815279126167297,-0.6960846781730652
frame_0044.jpg,0.4784918427467346,0.4541177749633789,-1.9809287786483765,0.5279417037963867,0.4092334806919098,-1.8679394721984863,0.5621204972267151,0.40973198413848877,-1.8687796592712402,0.5934582352638245,0.41107046604156494,-1.86922025680542,0.4324604868888855,0.41187918186187744,-1.8613981008529663,0.4015430510044098,0.41415834426879883,-1.8609298467636108,0.37783947587013245,0.41713234782218933,-1.8622620105743408,0.6450388431549072,0.4372086524963379,-1.0854995250701904,0.35304880142211914,0.44499170780181885,-1.0274547338485718,0.5471401214599609,0.5018101334571838,-1.6857181787490845,0.4223169684410095,0.5062493085861206,-1.6690558195114136,0.8905590176582336,0.6803535223007202,-0.5320212244987488,0.17008939385414124,0.6833585500717163,-0.5730049014091492
frame_0045.jpg,0.47891873121261597,0.4547930061817169,-2.056236743927002,0.5279033780097961,0.40950044989585876,-1.9259132146835327,0.5620253682136536,0.4104361832141876,-1.9263873100280762,0.593132495880127,0.4120205342769623,-1.9269285202026367,0.4324430823326111,0.4115906059741974,-1.8854457139968872,0.4014686048030853,0.4136904180049896,-1.884209394454956,0.37776046991348267,0.4165022671222687,-1.8851768970489502,0.6440334916114807,0.43762296438217163,-1.1866893768310547,0.3528500497341156,0.44471514225006104,-1.1049857139587402,0.547548234462738,0.502833902835846,-1.7264705896377563,0.4223710596561432,0.5072423815727234,-1.7495399713516235,0.8878688216209412,0.6805468201637268,-0.5942084789276123,0.1688392013311386,0.6854268312454224,-0.5886886715888977
frame_0046.jpg,0.4805814325809479,0.45548880100250244,-2.0362043380737305,0.5286550521850586,0.4101371169090271,-1.916549801826477,0.5624756217002869,0.4108891785144806,-1.917402744293213,0.5931382179260254,0.4122842252254486,-1.9179131984710693,0.4332185685634613,0.41201645135879517,-1.90665602684021,0.40198707580566406,0.41390281915664673,-1.9060553312301636,0.37792062759399414,0.4166683256626129,-1.9073344469070435,0.6438712477684021,0.4373510479927063,-1.1252909898757935,0.3530785143375397,0.44432225823402405,-1.0756008625030518,0.5480918288230896,0.5030330419540405,-1.7261885404586792,0.42269831895828247,0.5077270269393921,-1.721922755241394,0.8879233598709106,0.6804230213165283,-0.5471153855323792,0.16919206082820892,0.6860198974609375,-0.5991578698158264
frame_0047.jpg,0.48225921392440796,0.45403677225112915,-2.0076634883880615,0.5292729139328003,0.40888023376464844,-1.8855860233306885,0.5628602504730225,0.4094398617744446,-1.88658607006073,0.5931411981582642,0.41079816222190857,-1.8870391845703125,0.4336247742176056,0.4107591509819031,-1.8829549551010132,0.40215399861335754,0.41262224316596985,-1.882576584815979,0.37793025374412537,0.4154811501502991,-1.8839576244354248,0.6435158252716064,0.4363860487937927,-1.0758112668991089,0.35308289527893066,0.4436217248439789,-1.0408515930175781,0.548980712890625,0.5015823841094971,-1.6992422342300415,0.4231596291065216,0.5068569779396057,-1.6915363073349,0.8873860239982605,0.6803496479988098,-0.4880918264389038,0.16966430842876434,0.687329113483429,-0.5734748840332031
frame_0048.jpg,0.4822612702846527,0.4551783502101898,-1.9849480390548706,0.529280424118042,0.40942761301994324,-1.8612676858901978,0.5628656148910522,0.4099174439907074,-1.8620986938476562,0.5930671691894531,0.41121208667755127,-1.8624950647354126,0.43350863456726074,0.4111601710319519,-1.8588852882385254,0.4018523097038269,0.41289588809013367,-1.8584128618240356,0.3776324689388275,0.41560351848602295,-1.8595584630966187,0.6432141065597534,0.43646472692489624,-1.0480356216430664,0.3526400327682495,0.4433763325214386,-1.0068821907043457,0.5489835739135742,0.502795398235321,-1.678578495979309,0.42313656210899353,0.5074785947799683,-1.6677026748657227,0.8847022652626038,0.67998206615448,-0.5317587852478027,0.16987338662147522,0.6875994801521301,-0.5165140628814697
frame_0049.jpg,0.4821823537349701,0.4564305543899536,-2.005699872970581,0.5292282700538635,0.4105316400527954,-1.885276436805725,0.5626919269561768,0.41083821654319763,-1.8860663175582886,0.5926754474639893,0.41194814443588257,-1.8865824937820435,0.43355080485343933,0.41230300068855286,-1.8823250532150269,0.401901513338089,0.4139247238636017,-1.8819018602371216,0.3776336908340454,0.4164814054965973,-1.8830238580703735,0.6426898241043091,0.4366021454334259,-1.0755364894866943,0.3526477813720703,0.44348832964897156,-1.026808738708496,0.5484530925750732,0.5037887692451477,-1.6950541734695435,0.42284637689590454,0.5081782341003418,-1.683286428451538,0.8843482136726379,0.6799707412719727,-0.5544590950012207,0.16991358995437622,0.6878469586372375,-0.5377997159957886
frame_0050.jpg,0.4823007583618164,0.4606817364692688,-2.0376832485198975,0.5295517444610596,0.4129275977611542,-1.922347903251648,0.5629054307937622,0.4133821129798889,-1.9231557846069336,0.5926626324653625,0.4143888056278229,-1.92361581325531,0.4340820908546448,0.41445714235305786,-1.9178247451782227,0.40271955728530884,0.41593417525291443,-1.9174643754959106,0.3780510127544403,0.4181683361530304,-1.9186605215072632,0.6425756216049194,0.43815383315086365,-1.1162381172180176,0.353220134973526,0.4445057809352875,-1.0659300088882446,0.5483105778694153,0.5088796615600586,-1.7279917001724243,0.42293640971183777,0.5131251215934753,-1.7150671482086182,0.8824751973152161,0.6792117953300476,-0.5367169380187988,0.16992010176181793,0.6896465420722961,-0.5632584691047668
frame_0051.jpg,0.4822733700275421,0.4720439016819,-2.0478556156158447,0.5295428037643433,0.42227011919021606,-1.930338740348816,0.5628781318664551,0.4220585525035858,-1.9311127662658691,0.5924045443534851,0.4223586320877075,-1.9313442707061768,0.43418294191360474,0.42346158623695374,-1.921462893486023,0.4030930697917938,0.424153208732605,-1.9213138818740845,0.378205806016922,0.4255867898464203,-1.9224848747253418,0.6420584321022034,0.44185203313827515,-1.1333192586898804,0.3533954620361328,0.44794124364852905,-1.070493459701538,0.5473004579544067,0.5205910205841064,-1.7430531978607178,0.42313051223754883,0.525039792060852,-1.7280384302139282,0.8797265887260437,0.678740382194519,-0.5409367680549622,0.17006847262382507,0.6896097660064697,-0.5759392380714417
frame_0052.jpg,0.4825165271759033,0.48253390192985535,-2.0507705211639404,0.5303391218185425,0.4313591420650482,-1.9527192115783691,0.5637511610984802,0.4305216670036316,-1.9531527757644653,0.5925607085227966,0.43028396368026733,-1.9538148641586304,0.4350740611553192,0.43162983655929565,-1.957922101020813,0.4044455885887146,0.4311618208885193,-1.9572360515594482,0.37883567810058594,0.431532084941864,-1.9582399129867554,0.6422536373138428,0.4455963969230652,-1.1650205850601196,0.35375064611434937,0.44987937808036804,-1.1646397113800049,0.5473098754882812,0.5305163860321045,-1.7492728233337402,0.42371946573257446,0.5339857935905457,-1.7360787391662598,0.8777473568916321,0.6777980923652649,-0.5488522052764893,0.1699228733778,0.689274251461029,-0.6547554135322571
frame_0053.jpg,0.4825320243835449,0.4941781759262085,-2.187875270843506,0.53072589635849,0.4434680640697479,-2.101297616958618,0.564441442489624,0.44166356325149536,-2.1017909049987793,0.592868983745575,0.44064533710479736,-2.102443218231201,0.4351196885108948,0.44425496459007263,-2.0930097103118896,0.40445366501808167,0.4437224268913269,-2.092254877090454,0.37877699732780457,0.44400012493133545,-2.093222141265869,0.6430021524429321,0.45072507858276367,-1.3003437519073486,0.35364699363708496,0.45509812235832214,-1.2281614542007446,0.5473757386207581,0.5431334376335144,-1.8706529140472412,0.4241653084754944,0.5461294054985046,-1.8462973833084106,0.8785046339035034,0.6781638264656067,-0.7049885988235474,0.16965553164482117,0.689010500907898,-0.6538480520248413
frame_0054.jpg,0.4827517569065094,0.5087059140205383,-2.115431785583496,0.5314323306083679,0.45586901903152466,-2.0484344959259033,0.5655842423439026,0.4528537690639496,-2.0490529537200928,0.5935573577880859,0.4507359564304352,-2.0497689247131348,0.4351891875267029,0.4596823453903198,-2.0324599742889404,0.4044973850250244,0.4593440592288971,-2.0315005779266357,0.37875065207481384,0.45895975828170776,-2.032557964324951,0.644101619720459,0.45684629678726196,-1.2866950035095215,0.35366275906562805,0.4642951190471649,-1.1678857803344727,0.548201858997345,0.5553575158119202,-1.8018838167190552,0.4265761971473694,0.5611802935600281,-1.770638108253479,0.8792806267738342,0.6796550154685974,-0.6733992695808411,0.1713087409734726,0.6888149380683899,-0.5827893614768982
frame_0055.jpg,0.48276305198669434,0.5188765525817871,-2.0939764976501465,0.5315142273902893,0.4646017253398895,-2.0326943397521973,0.5658977627754211,0.46109578013420105,-2.033348798751831,0.5939632058143616,0.45800071954727173,-2.0341382026672363,0.4349736273288727,0.46905621886253357,-2.012855052947998,0.4042370617389679,0.4683312177658081,-2.01177716255188,0.37829336524009705,0.4672088921070099,-2.0127909183502197,0.6448352932929993,0.45991623401641846,-1.277921199798584,0.3530957102775574,0.46899864077568054,-1.1333494186401367,0.548469066619873,0.5635504126548767,-1.775771141052246,0.42753681540489197,0.5703220367431641,-1.7421406507492065,0.8812206387519836,0.6800271272659302,-0.6228410005569458,0.17067445814609528,0.6879109144210815,-0.5420499444007874
frame_0056.jpg,0.48304155468940735,0.5241476893424988,-2.092160940170288,0.5324721932411194,0.46912890672683716,-2.031381130218506,0.5670595169067383,0.46569836139678955,-2.0320565700531006,0.5948829054832458,0.46232545375823975,-2.0328171253204346,0.4350392520427704,0.47265416383743286,-2.013021469116211,0.404255747795105,0.4717990756034851,-2.011939525604248,0.37819862365722656,0.4704812467098236,-2.012936592102051,0.6459439396858215,0.46259069442749023,-1.2665367126464844,0.35188835859298706,0.4715610146522522,-1.1392139196395874,0.548837423324585,0.5681859254837036,-1.7740588188171387,0.4284523129463196,0.5744426250457764,-1.7439825534820557,0.8820297718048096,0.6793851852416992,-0.6281718611717224,0.17001818120479584,0.687063455581665,-0.5549414157867432
frame_0057.jpg,0.48341187834739685,0.534032940864563,-2.170358896255493,0.533136248588562,0.47638139128685,-2.1213531494140625,0.5678279995918274,0.47221341729164124,-2.1219475269317627,0.5957146883010864,0.4682171642780304,-2.1227645874023438,0.4350523054599762,0.4807133376598358,-2.1087779998779297,0.4042425751686096,0.4794063866138458,-2.1079165935516357,0.37806543707847595,0.4776962399482727,-2.108926296234131,0.6466008424758911,0.46444612741470337,-1.3648667335510254,0.3497728109359741,0.47464460134506226,-1.271665334701538,0.5500643253326416,0.5746871829032898,-1.8500221967697144,0.42941954731941223,0.5814462900161743,-1.8235641717910767,0.885386049747467,0.6829689145088196,-0.6753438115119934,0.16803817451000214,0.685315728187561,-0.6847929954528809
frame_0058.jpg,0.48338109254837036,0.5501250624656677,-2.372616767883301,0.5327686667442322,0.49089959263801575,-2.3214385509490967,0.5675759315490723,0.4859786927700043,-2.32192063331604,0.5956063866615295,0.48113569617271423,-2.3226661682128906,0.43470051884651184,0.49538424611091614,-2.3140251636505127,0.4036051034927368,0.4936321973800659,-2.3133020401000977,0.3772299885749817,0.4917336702346802,-2.314319372177124,0.646623432636261,0.47088849544525146,-1.5359809398651123,0.348239004611969,0.4824504852294922,-1.4669084548950195,0.5501300096511841,0.5888529419898987,-2.0363714694976807,0.4295623004436493,0.5942898392677307,-2.017331123352051,0.8880413174629211,0.684112548828125,-0.7551422119140625,0.16762985289096832,0.6847558617591858,-0.7991887331008911
frame_0059.jpg,0.48353853821754456,0.555802047252655,-2.1865017414093018,0.533026933670044,0.4962269365787506,-2.1523420810699463,0.567854106426239,0.4913178086280823,-2.1530518531799316,0.5958121418952942,0.4864295423030853,-2.154219150543213,0.4347110688686371,0.5006747841835022,-2.1590147018432617,0.40353238582611084,0.4989902377128601,-2.15842604637146,0.3768288493156433,0.497117817401886,-2.1593804359436035,0.6465447545051575,0.47400638461112976,-1.3895183801651,0.3451358675956726,0.4856705367565155,-1.3995689153671265,0.5506436824798584,0.5928208231925964,-1.8469550609588623,0.42966899275779724,0.5976571440696716,-1.8407052755355835,0.8880607485771179,0.6837738156318665,-0.5971124172210693,0.16650371253490448,0.6846294403076172,-0.7291225790977478
frame_0060.jpg,0.48262181878089905,0.5628582835197449,-2.1854143142700195,0.5322151780128479,0.5030587315559387,-2.1374690532684326,0.5671659708023071,0.49821311235427856,-2.138174057006836,0.5953311920166016,0.49306896328926086,-2.139195203781128,0.4328431189060211,0.5075742602348328,-2.1391725540161133,0.40066587924957275,0.5056548714637756,-2.138546943664551,0.3733314275741577,0.5032803416252136,-2.1395633220672607,0.6453639268875122,0.4778846204280853,-1.3704484701156616,0.3375239074230194,0.48811104893684387,-1.340675950050354,0.5498790144920349,0.5981398224830627,-1.84577214717865,0.4279448091983795,0.6019999384880066,-1.8389588594436646,0.8882105350494385,0.6837506890296936,-0.6003039479255676,0.16027282178401947,0.6844542026519775,-0.7135236263275146
frame_0061.jpg,0.4771900177001953,0.5660017132759094,-2.2447454929351807,0.5261949896812439,0.5064030289649963,-2.2098255157470703,0.5620835423469543,0.5012519955635071,-2.210585355758667,0.5920276641845703,0.4957217276096344,-2.211604595184326,0.4252322018146515,0.5116002559661865,-2.187352418899536,0.3924657702445984,0.5096328854560852,-2.1868224143981934,0.365890234708786,0.5071343779563904,-2.187889575958252,0.6427713632583618,0.47917062044143677,-1.466140627861023,0.3330414295196533,0.4898068308830261,-1.3322709798812866,0.5465945601463318,0.6009900569915771,-1.9149023294448853,0.42381149530410767,0.6037573218345642,-1.8770266771316528,0.8890113830566406,0.6840076446533203,-0.6937984824180603,0.16031798720359802,0.6831666231155396,-0.6855480670928955
frame_0062.jpg,0.4765215814113617,0.5668078064918518,-2.3450469970703125,0.525632381439209,0.5071092247962952,-2.3078725337982178,0.5615839958190918,0.5021345019340515,-2.3086297512054443,0.5916013717651367,0.4967494010925293,-2.3096728324890137,0.4243253171443939,0.5117204189300537,-2.285804033279419,0.3910786211490631,0.5096284747123718,-2.285351514816284,0.36439570784568787,0.5071714520454407,-2.2863693237304688,0.6421266794204712,0.48014476895332336,-1.5645108222961426,0.33117249608039856,0.4902356266975403,-1.426891803741455,0.5458242893218994,0.6021001935005188,-2.02002215385437,0.42323681712150574,0.6049115657806396,-1.9810478687286377,0.8895872831344604,0.684761106967926,-0.8336336612701416,0.1584538221359253,0.6831521391868591,-0.7246003150939941
frame_0063.jpg,0.47655871510505676,0.5690008997917175,-2.3091495037078857,0.5256775617599487,0.5087443590164185,-2.3017964363098145,0.561606228351593,0.5037521719932556,-2.301919460296631,0.5915752649307251,0.4982813596725464,-2.30248761177063,0.4243311285972595,0.5135902762413025,-2.278362989425659,0.3910359740257263,0.5116157531738281,-2.278369426727295,0.3640763759613037,0.5091159343719482,-2.279472827911377,0.6419475078582764,0.48155975341796875,-1.5054833889007568,0.3304894268512726,0.49189624190330505,-1.4056490659713745,0.5458466410636902,0.6041845679283142,-1.9831023216247559,0.4232814311981201,0.6070294976234436,-1.9392281770706177,0.8907344341278076,0.6849114894866943,-0.7975398898124695,0.15816548466682434,0.6831997036933899,-0.7095163464546204
frame_0064.jpg,0.4764070212841034,0.5673469305038452,-2.1222727298736572,0.5255618095397949,0.5072546601295471,-2.0950305461883545,0.5615650415420532,0.5023111701011658,-2.0955166816711426,0.5915256142616272,0.4970441460609436,-2.0963592529296875,0.42379245162010193,0.5121632218360901,-2.087160348892212,0.3903863728046417,0.510288655757904,-2.0866405963897705,0.36343520879745483,0.5080068707466125,-2.087815284729004,0.6418988108634949,0.48155346512794495,-1.3752213716506958,0.3299519717693329,0.4920259416103363,-1.3132261037826538,0.5458653569221497,0.6027752161026001,-1.8094326257705688,0.4229944348335266,0.6055593490600586,-1.7864211797714233,0.8911988139152527,0.6852453351020813,-0.609581708908081,0.15776421129703522,0.683180034160614,-0.7035368084907532
frame_0065.jpg,0.47623416781425476,0.5674183368682861,-2.230454206466675,0.5253726243972778,0.5072925686836243,-2.1989481449127197,0.5614403486251831,0.5022942423820496,-2.1995434761047363,0.5914355516433716,0.49693959951400757,-2.2005155086517334,0.4234751760959625,0.5123027563095093,-2.1870534420013428,0.3899235725402832,0.5104464292526245,-2.1864383220672607,0.36296314001083374,0.5082471370697021,-2.1874351501464844,0.6418688297271729,0.481740802526474,-1.4479162693023682,0.3296523094177246,0.4925788342952728,-1.3578894138336182,0.5458758473396301,0.6030556559562683,-1.9033591747283936,0.42291542887687683,0.6058979034423828,-1.8757297992706299,0.8914655447006226,0.6854164600372314,-0.6947582364082336,0.15779437124729156,0.6828610301017761,-0.7193270921707153
frame_0066.jpg,0.4761926233768463,0.5683304071426392,-2.257908821105957,0.5253731608390808,0.5079976916313171,-2.2251176834106445,0.5614262819290161,0.5029772520065308,-2.2258553504943848,0.5913932919502258,0.49750444293022156,-2.2268471717834473,0.4234831631183624,0.5127633810043335,-2.2102489471435547,0.389923632144928,0.5107553601264954,-2.209812641143799,0.3629100024700165,0.5083804726600647,-2.2109498977661133,0.6417807936668396,0.4818836450576782,-1.4897156953811646,0.3296048939228058,0.4924909472465515,-1.3842108249664307,0.5458614230155945,0.6036838889122009,-1.9351110458374023,0.4228554964065552,0.6063060164451599,-1.9049791097640991,0.8921232223510742,0.6856653094291687,-0.7451928853988647,0.15734528005123138,0.6828507781028748,-0.7307496070861816
frame_0067.jpg,0.4761006236076355,0.5672186613082886,-2.251526355743408,0.5252882838249207,0.5070729851722717,-2.2147676944732666,0.5613426566123962,0.5021398663520813,-2.215482711791992,0.5912683606147766,0.496782511472702,-2.216491937637329,0.4234178960323334,0.5117858052253723,-2.200984001159668,0.38987410068511963,0.5098406672477722,-2.2004802227020264,0.36288323998451233,0.5075461268424988,-2.2015793323516846,0.641723096370697,0.4817356467247009,-1.4750944375991821,0.3296946883201599,0.4923539459705353,-1.3757877349853516,0.5458911657333374,0.6029664278030396,-1.9289132356643677,0.42286592721939087,0.6057085394859314,-1.9002161026000977,0.8923379182815552,0.6856671571731567,-0.7344738245010376,0.15739375352859497,0.6828392148017883,-0.7363606691360474
frame_0068.jpg,0.475373774766922,0.5665157437324524,-2.3196496963500977,0.5250191688537598,0.5064436197280884,-2.2787017822265625,0.5610252618789673,0.5016566514968872,-2.2792415618896484,0.5909034609794617,0.49642452597618103,-2.2800979614257812,0.4230673015117645,0.5110844969749451,-2.2679879665374756,0.3895401060581207,0.5091847777366638,-2.267336845397949,0.36268487572669983,0.5069600343704224,-2.2684037685394287,0.6410876512527466,0.48156097531318665,-1.520865559577942,0.32972440123558044,0.4922132194042206,-1.4350509643554688,0.545669674873352,0.6023704409599304,-1.993330478668213,0.42259103059768677,0.6052080988883972,-1.968847393989563,0.8923682570457458,0.6855611801147461,-0.7599950432777405,0.1588544398546219,0.6830223202705383,-0.811403214931488
frame_0069.jpg,0.473336398601532,0.566034734249115,-2.4709863662719727,0.5229994654655457,0.505922257900238,-2.438204050064087,0.5589618682861328,0.5011698007583618,-2.4386043548583984,0.5893890857696533,0.49600744247436523,-2.4395346641540527,0.4219455122947693,0.5105849504470825,-2.415679931640625,0.3887779712677002,0.50871342420578,-2.415022611618042,0.36231133341789246,0.506537139415741,-2.416105031967163,0.6403564810752869,0.48148202896118164,-1.6787346601486206,0.32983556389808655,0.4921095073223114,-1.536663293838501,0.5447818040847778,0.6019502878189087,-2.1434519290924072,0.42155537009239197,0.6048823595046997,-2.102224826812744,0.8932124376296997,0.6853415966033936,-0.9229888916015625,0.1597111076116562,0.6824482679367065,-0.8532063364982605
frame_0070.jpg,0.47192075848579407,0.5662068724632263,-2.1405508518218994,0.5222514867782593,0.505847692489624,-2.1105802059173584,0.5583307147026062,0.5010442733764648,-2.111112356185913,0.5889081954956055,0.4958798587322235,-2.112100124359131,0.42092424631118774,0.5105410218238831,-2.087163209915161,0.3878192901611328,0.5086164474487305,-2.0865542888641357,0.36146673560142517,0.5064203143119812,-2.087635040283203,0.63997882604599,0.4814707040786743,-1.4252095222473145,0.3298676311969757,0.4920445382595062,-1.2738040685653687,0.5436989068984985,0.6019877195358276,-1.8412138223648071,0.4206695258617401,0.6047353744506836,-1.7988967895507812,0.8932412266731262,0.6853771805763245,-0.7706639766693115,0.1604001224040985,0.6820388436317444,-0.6814541816711426
frame_0071.jpg,0.47226208448410034,0.5665007829666138,-2.285574197769165,0.522459089756012,0.5060661435127258,-2.252509355545044,0.5584567189216614,0.501309335231781,-2.2530453205108643,0.5889233350753784,0.49616739153862,-2.253772020339966,0.42109382152557373,0.5106943249702454,-2.2424867153167725,0.387937992811203,0.5087839961051941,-2.2420663833618164,0.3614829182624817,0.5065441131591797,-2.2431716918945312,0.6398658156394958,0.48156481981277466,-1.5125242471694946,0.3296527564525604,0.4921025335788727,-1.4253926277160645,0.5437371730804443,0.6021581292152405,-1.9627203941345215,0.4210061728954315,0.6051152348518372,-1.938782811164856,0.8930423259735107,0.6848167181015015,-0.7688188552856445,0.16033801436424255,0.6824938654899597,-0.8213904500007629
frame_0072.jpg,0.4724990427494049,0.5665590763092041,-2.1879570484161377,0.5229144096374512,0.5059317350387573,-2.14758563041687,0.5589480400085449,0.5011341571807861,-2.1482186317443848,0.5891163349151611,0.49598750472068787,-2.149249792098999,0.42109230160713196,0.5105711817741394,-2.1395087242126465,0.38780251145362854,0.5086457133293152,-2.138967752456665,0.3610761761665344,0.506402850151062,-2.1399285793304443,0.6398462653160095,0.48153480887413025,-1.4034161567687988,0.32773587107658386,0.49205702543258667,-1.326979637145996,0.5438331365585327,0.6021090745925903,-1.8645074367523193,0.4210015535354614,0.605180025100708,-1.842818260192871,0.8929112553596497,0.6848554611206055,-0.6737011075019836,0.15844671428203583,0.6824873089790344,-0.7020367383956909
frame_0073.jpg,0.4715093672275543,0.5666736960411072,-2.197676420211792,0.5219200253486633,0.5058216452598572,-2.157647132873535,0.5581134557723999,0.5010172128677368,-2.1582882404327393,0.5885264277458191,0.4958810806274414,-2.1592702865600586,0.4194944500923157,0.5104489922523499,-2.1466310024261475,0.3860498368740082,0.5085248947143555,-2.1460628509521484,0.3594604432582855,0.506297767162323,-2.147064447402954,0.63933926820755,0.481475293636322,-1.4151581525802612,0.3257026672363281,0.49200788140296936,-1.3300362825393677,0.5427724123001099,0.6022934317588806,-1.8759496212005615,0.41949179768562317,0.6052284836769104,-1.8511494398117065,0.8926844000816345,0.6859196424484253,-0.6825863122940063,0.15640470385551453,0.6826732754707336,-0.688053548336029
frame_0074.jpg,0.4710146486759186,0.566636860370636,-2.2038145065307617,0.5212026238441467,0.5057867765426636,-2.1665661334991455,0.5573479533195496,0.5009767413139343,-2.1671810150146484,0.5878435373306274,0.49584025144577026,-2.168241262435913,0.41881877183914185,0.5104063153266907,-2.155734062194824,0.3853757381439209,0.5084817409515381,-2.155102491378784,0.3590015470981598,0.5062497854232788,-2.156032085418701,0.63876873254776,0.4813423454761505,-1.429343342781067,0.3257259428501129,0.491969496011734,-1.3347247838974,0.5425732731819153,0.6020773649215698,-1.883306860923767,0.4192131459712982,0.6051543354988098,-1.8559060096740723,0.894188642501831,0.6858718991279602,-0.7206538319587708,0.15642091631889343,0.683161735534668,-0.6911572217941284
frame_0075.jpg,0.4709579348564148,0.5662203431129456,-2.0849010944366455,0.5209754109382629,0.5052486658096313,-2.0477805137634277,0.5571359992027283,0.500319242477417,-2.0484421253204346,0.5876324772834778,0.4952242970466614,-2.0495922565460205,0.41872915625572205,0.5101435780525208,-2.031947612762451,0.38532742857933044,0.5083425641059875,-2.0312600135803223,0.3589964807033539,0.5062078237533569,-2.032214641571045,0.6386170983314514,0.48118868470191956,-1.3356609344482422,0.3263988196849823,0.49202221632003784,-1.2221349477767944,0.5426074266433716,0.601722002029419,-1.7756115198135376,0.41921430826187134,0.6050990223884583,-1.7431180477142334,0.8940108418464661,0.6855968832969666,-0.6339541077613831,0.15767644345760345,0.6845715045928955,-0.6313456892967224
frame_0076.jpg,0.47046446800231934,0.565853476524353,-2.1209545135498047,0.5202944874763489,0.5049014687538147,-2.081885576248169,0.5565662384033203,0.4997710883617401,-2.0825889110565186,0.587184727191925,0.49454984068870544,-2.083601474761963,0.41794538497924805,0.5100105404853821,-2.0660877227783203,0.3846631646156311,0.5082639455795288,-2.0654425621032715,0.3586530089378357,0.5061643719673157,-2.066498279571533,0.638434886932373,0.48058372735977173,-1.359282374382019,0.3264633119106293,0.49200639128685,-1.245160698890686,0.5424731969833374,0.6013433933258057,-1.807868242263794,0.41905391216278076,0.6050543189048767,-1.775806188583374,0.8939958214759827,0.6848965883255005,-0.6466407775878906,0.15996168553829193,0.6845226883888245,-0.6486313939094543
frame_0077.jpg,0.47046682238578796,0.5657623410224915,-2.186009168624878,0.5202986598014832,0.5048333406448364,-2.152825117111206,0.5565827488899231,0.49969974160194397,-2.153419256210327,0.5871759057044983,0.4944795072078705,-2.1543092727661133,0.41792622208595276,0.5099681615829468,-2.142474889755249,0.3846416175365448,0.5082228183746338,-2.141791343688965,0.3586435317993164,0.5061322450637817,-2.1427876949310303,0.6384744048118591,0.48051533102989197,-1.4180463552474976,0.32665061950683594,0.49195778369903564,-1.3337984085083008,0.542597234249115,0.6012841463088989,-1.8634650707244873,0.4191061854362488,0.60500168800354,-1.8400731086730957,0.8937028646469116,0.6843821406364441,-0.6727409362792969,0.1596745401620865,0.6845276355743408,-0.6827841997146606
frame_0078.jpg,0.470392644405365,0.5656864643096924,-2.2846126556396484,0.5201687216758728,0.5046428442001343,-2.2425920963287354,0.5565062761306763,0.49940913915634155,-2.2433695793151855,0.5871132612228394,0.4941205084323883,-2.244405746459961,0.4176710546016693,0.5098552107810974,-2.219115972518921,0.384440153837204,0.5081369280815125,-2.218557357788086,0.3584921658039093,0.5060974955558777,-2.219562530517578,0.6384806036949158,0.480192095041275,-1.4859429597854614,0.3266776204109192,0.4919484257698059,-1.3421813249588013,0.5425885915756226,0.6012439131736755,-1.9608052968978882,0.4190896451473236,0.6049306988716125,-1.9165023565292358,0.8945887088775635,0.6843026876449585,-0.7956963777542114,0.15969553589820862,0.685746967792511,-0.6794289350509644
frame_0079.jpg,0.4684358835220337,0.565637469291687,-2.278533697128296,0.5182061195373535,0.5046046376228333,-2.2377076148986816,0.5548494458198547,0.4993132948875427,-2.238539695739746,0.586040735244751,0.493956983089447,-2.2395505905151367,0.4159490764141083,0.5097915530204773,-2.2145116329193115,0.38292190432548523,0.508065938949585,-2.2137317657470703,0.3574364185333252,0.5060274004936218,-2.2147891521453857,0.6383999586105347,0.4800710380077362,-1.4819506406784058,0.32670119404792786,0.4919337034225464,-1.338497519493103,0.5416777729988098,0.6011825799942017,-1.957650899887085,0.418161004781723,0.6048742532730103,-1.9082614183425903,0.8945068120956421,0.684309184551239,-0.7858501076698303,0.15947489440441132,0.6857350468635559,-0.6819786429405212
frame_0080.jpg,0.46804648637771606,0.5645695924758911,-2.2602014541625977,0.5177945494651794,0.5037850737571716,-2.2150533199310303,0.5545297265052795,0.49843350052833557,-2.2158355712890625,0.5857808589935303,0.49312907457351685,-2.2167484760284424,0.41531941294670105,0.5091171860694885,-2.1927871704101562,0.382301390171051,0.5075294375419617,-2.1919937133789062,0.35692858695983887,0.5056463479995728,-2.1931967735290527,0.6383780241012573,0.4796592593193054,-1.463088870048523,0.3267100751399994,0.4919236898422241,-1.3234608173370361,0.5415839552879333,0.6002146601676941,-1.9415969848632812,0.41775190830230713,0.6045092344284058,-1.89436674118042,0.8972097039222717,0.684187114238739,-0.7749906778335571,0.1576458215713501,0.6866771578788757,-0.6837210059165955
frame_0081.jpg,0.4678114056587219,0.5643346905708313,-2.204984664916992,0.5172024369239807,0.5036574602127075,-2.1575143337249756,0.5537354350090027,0.49837347865104675,-2.158296823501587,0.5850566625595093,0.49309098720550537,-2.159198760986328,0.415234237909317,0.508873701095581,-2.1371586322784424,0.38226959109306335,0.5072973370552063,-2.1364924907684326,0.3569115102291107,0.5054578185081482,-2.1376187801361084,0.6381275057792664,0.4796348512172699,-1.4194589853286743,0.32692885398864746,0.49190858006477356,-1.2894597053527832,0.541330099105835,0.6001855731010437,-1.889320731163025,0.4177215099334717,0.6044127941131592,-1.8494577407836914,0.8969584703445435,0.684136688709259,-0.711222767829895,0.1576787680387497,0.6866462230682373,-0.654390275478363
frame_0082.jpg,0.4678064286708832,0.5641969442367554,-2.1515846252441406,0.5172011256217957,0.503589391708374,-2.104874610900879,0.5537235140800476,0.49834129214286804,-2.1055474281311035,0.5850362777709961,0.4930430054664612,-2.1064298152923584,0.4153473377227783,0.5087951421737671,-2.084855318069458,0.38244637846946716,0.5072382688522339,-2.0840206146240234,0.3570179045200348,0.5054266452789307,-2.0850412845611572,0.6381075978279114,0.47961729764938354,-1.3745988607406616,0.32748714089393616,0.4919152855873108,-1.2379939556121826,0.5413223505020142,0.6000909805297852,-1.84154212474823,0.41776126623153687,0.6043731570243835,-1.801238775253296,0.897023618221283,0.6836811304092407,-0.6911548376083374,0.1586703211069107,0.6866405010223389,-0.656072199344635
frame_0083.jpg,0.4677218794822693,0.5641438364982605,-2.061300277709961,0.5171324014663696,0.5035530924797058,-2.0164365768432617,0.5536607503890991,0.4982951283454895,-2.0172765254974365,0.5849635004997253,0.49296724796295166,-2.0183346271514893,0.4153064787387848,0.5087271332740784,-1.9979631900787354,0.3824196755886078,0.5071647763252258,-1.9972373247146606,0.35699939727783203,0.5053598284721375,-1.998361587524414,0.6380249857902527,0.479594886302948,-1.2977973222732544,0.32778874039649963,0.49195560812950134,-1.1691526174545288,0.5411099195480347,0.6000437140464783,-1.7533068656921387,0.41768890619277954,0.6043264269828796,-1.7166608572006226,0.897002100944519,0.6837767362594604,-0.6087334752082825,0.15876047313213348,0.6866244673728943,-0.6187071800231934
frame_0084.jpg,0.46741992235183716,0.5641061067581177,-2.2456536293029785,0.5167799592018127,0.503485918045044,-2.210472583770752,0.5533419847488403,0.498232364654541,-2.211205244064331,0.5847466588020325,0.49291476607322693,-2.212231397628784,0.4150542914867401,0.5086597800254822,-2.186124563217163,0.3822467625141144,0.5070956349372864,-2.185413360595703,0.35690706968307495,0.5053039193153381,-2.1864733695983887,0.6380119323730469,0.4795726537704468,-1.4797544479370117,0.328046590089798,0.49194321036338806,-1.3274173736572266,0.5408890843391418,0.5999800562858582,-1.9257020950317383,0.4175216853618622,0.6042579412460327,-1.882989525794983,0.8970958590507507,0.6834137439727783,-0.7540489435195923,0.15885315835475922,0.6853877305984497,-0.6627641320228577
frame_0085.jpg,0.4672851860523224,0.5640766024589539,-2.24458909034729,0.5167338252067566,0.5034300088882446,-2.204087257385254,0.553257405757904,0.49817904829978943,-2.2047791481018066,0.5846537351608276,0.49288690090179443,-2.2057485580444336,0.41512444615364075,0.5086105465888977,-2.182332992553711,0.38238048553466797,0.5070459246635437,-2.1817116737365723,0.35707855224609375,0.5052651762962341,-2.1827008724212646,0.6379061937332153,0.4797711670398712,-1.4722087383270264,0.3296777307987213,0.4919385313987732,-1.331420660018921,0.5405594706535339,0.5999398827552795,-1.9273146390914917,0.4174273610115051,0.604218602180481,-1.8885329961776733,0.8970131278038025,0.6834036111831665,-0.8129069805145264,0.1603253334760666,0.6854129433631897,-0.6540428400039673
frame_0086.jpg,0.4681469202041626,0.558426558971405,-2.2388548851013184,0.5177302360534668,0.49966636300086975,-2.1919360160827637,0.5540518164634705,0.4947814643383026,-2.192511796951294,0.5851252675056458,0.48999378085136414,-2.19342303276062,0.41642218828201294,0.5044201016426086,-2.1797332763671875,0.383562296628952,0.5030004382133484,-2.1791579723358154,0.35781359672546387,0.5013131499290466,-2.180097818374634,0.6390255093574524,0.4787602126598358,-1.4393322467803955,0.32970818877220154,0.4903566241264343,-1.3277286291122437,0.5411608219146729,0.5957098603248596,-1.9169636964797974,0.41759684681892395,0.6011684536933899,-1.88620924949646,0.8960851430892944,0.6834248304367065,-0.7390958070755005,0.15762066841125488,0.6853755712509155,-0.6896987557411194
frame_0087.jpg,0.47118476033210754,0.5379182696342468,-2.20539927482605,0.5208057165145874,0.48216086626052856,-2.1378116607666016,0.5570760369300842,0.4785095155239105,-2.1385738849639893,0.586872935295105,0.474670946598053,-2.1394360065460205,0.41972434520721436,0.4853486716747284,-2.134566307067871,0.3869221806526184,0.4845633804798126,-2.1339495182037354,0.36029621958732605,0.4834790527820587,-2.1350080966949463,0.6406270861625671,0.4719530940055847,-1.3629794120788574,0.3305814564228058,0.4819304049015045,-1.3018317222595215,0.5425233244895935,0.5799990296363831,-1.8824663162231445,0.41833916306495667,0.5868061184883118,-1.866493821144104,0.8934044241905212,0.683049201965332,-0.6794703006744385,0.15711291134357452,0.6853756308555603,-0.6985786557197571
frame_0088.jpg,0.47332000732421875,0.534520149230957,-2.0729918479919434,0.5243479609489441,0.4792404770851135,-2.0145223140716553,0.5607147216796875,0.47569552063941956,-2.015387773513794,0.589622437953949,0.4719945788383484,-2.016489267349243,0.4206804037094116,0.48246556520462036,-1.9963308572769165,0.3875225782394409,0.4818366467952728,-1.9953469038009644,0.3605857193470001,0.4808073341846466,-1.9962917566299438,0.6435339450836182,0.470235675573349,-1.261404275894165,0.3305380642414093,0.4806577265262604,-1.1274303197860718,0.5444327592849731,0.5778109431266785,-1.7575265169143677,0.419214129447937,0.5851501822471619,-1.7198323011398315,0.8930101990699768,0.6821706891059875,-0.6411504149436951,0.15658341348171234,0.6854287385940552,-0.5421152114868164
frame_0089.jpg,0.47398480772972107,0.5279885530471802,-2.04789662361145,0.5251536965370178,0.47435232996940613,-1.9789847135543823,0.5615223050117493,0.47105488181114197,-1.9797552824020386,0.5902920961380005,0.46781036257743835,-1.9805887937545776,0.421886146068573,0.4778655171394348,-1.9632782936096191,0.389100044965744,0.4774545729160309,-1.9622341394424438,0.36187824606895447,0.47678080201148987,-1.9633110761642456,0.6443984508514404,0.4690638482570648,-1.2103606462478638,0.3325291574001312,0.47870728373527527,-1.0970447063446045,0.5447839498519897,0.5726625919342041,-1.732732892036438,0.41959288716316223,0.5798941254615784,-1.700569748878479,0.8925155401229858,0.6824910640716553,-0.5648205280303955,0.15667423605918884,0.6855687499046326,-0.5510981678962708
frame_0090.jpg,0.4754009544849396,0.5129975080490112,-1.8367981910705566,0.5272785425186157,0.46262112259864807,-1.7576513290405273,0.5632285475730896,0.4599316716194153,-1.75816011428833,0.5912172794342041,0.4577952027320862,-1.7589740753173828,0.4251997470855713,0.4657016694545746,-1.7558389902114868,0.3920285105705261,0.46574172377586365,-1.7547887563705444,0.3636848032474518,0.4662609398365021,-1.75583815574646,0.6457685828208923,0.4647490084171295,-1.0227826833724976,0.3348536491394043,0.4738796651363373,-0.9742034077644348,0.5458213686943054,0.5607313513755798,-1.5416927337646484,0.42060357332229614,0.5680766701698303,-1.5276613235473633,0.8924867510795593,0.6819961071014404,-0.3949788212776184,0.15713287889957428,0.6863502264022827,-0.558750569820404
frame_0091.jpg,0.4753502309322357,0.4968847334384918,-1.7859513759613037,0.5271635055541992,0.4467242956161499,-1.7103500366210938,0.5629369616508484,0.4454115331172943,-1.7107558250427246,0.5907155275344849,0.4447490870952606,-1.7116317749023438,0.4253927767276764,0.4494267404079437,-1.6988837718963623,0.39270299673080444,0.45000940561294556,-1.6977136135101318,0.36460232734680176,0.4511112570762634,-1.6987355947494507,0.6456640362739563,0.45898517966270447,-1.0138174295425415,0.336874395608902,0.46699604392051697,-0.9232572913169861,0.5449556708335876,0.5456386208534241,-1.508859395980835,0.41988134384155273,0.5523212552070618,-1.4823040962219238,0.8919117450714111,0.6817721724510193,-0.43405625224113464,0.15988023579120636,0.6866798400878906,-0.5391929745674133
frame_0092.jpg,0.47545793652534485,0.48824816942214966,-1.8910506963729858,0.5271300077438354,0.4384225904941559,-1.826572060585022,0.5627588629722595,0.4378594160079956,-1.8271383047103882,0.5901968479156494,0.4377182722091675,-1.8279844522476196,0.4261777698993683,0.4407014548778534,-1.8148730993270874,0.3940207362174988,0.44164276123046875,-1.8138749599456787,0.36611974239349365,0.44293615221977234,-1.8149266242980957,0.6442188620567322,0.4549500346183777,-1.091294288635254,0.3405398726463318,0.46212998032569885,-1.0064889192581177,0.5443903207778931,0.5375348329544067,-1.5962036848068237,0.41987505555152893,0.5427247285842896,-1.564089298248291,0.8878539204597473,0.680314838886261,-0.4850764572620392,0.161934033036232,0.6871259212493896,-0.5532971024513245
frame_0093.jpg,0.48589324951171875,0.4670528471469879,-1.9350969791412354,0.5344461798667908,0.4203278422355652,-1.8572266101837158,0.5672605037689209,0.4208146333694458,-1.8578426837921143,0.5927766561508179,0.42208221554756165,-1.8585315942764282,0.43633073568344116,0.42305639386177063,-1.8483738899230957,0.4042186737060547,0.4250985383987427,-1.8473707437515259,0.37411144375801086,0.4279477000236511,-1.8484753370285034,0.645779013633728,0.4476127624511719,-1.1162325143814087,0.34655651450157166,0.45531606674194336,-1.039097785949707,0.5545233488082886,0.5163713693618774,-1.6310398578643799,0.4302641749382019,0.5216803550720215,-1.5936497449874878,0.8886420726776123,0.680328369140625,-0.4954335391521454,0.17203429341316223,0.6901088356971741,-0.6041691899299622
frame_0094.jpg,0.5077803134918213,0.4583289325237274,-1.9543423652648926,0.5515922904014587,0.4137796461582184,-1.8581238985061646,0.5789141058921814,0.4145386815071106,-1.8588721752166748,0.6044079661369324,0.4160430133342743,-1.8594908714294434,0.45895594358444214,0.4166625738143921,-1.851898193359375,0.42710140347480774,0.41877132654190063,-1.8508946895599365,0.398141086101532,0.4215245842933655,-1.852067470550537,0.6532983183860779,0.44355714321136475,-1.0621541738510132,0.36204299330711365,0.4516705572605133,-1.0045357942581177,0.5715141296386719,0.5069803595542908,-1.650460124015808,0.45249196887016296,0.5113104581832886,-1.6201233863830566,0.8908281922340393,0.6803693175315857,-0.49667245149612427,0.18341892957687378,0.6905370354652405,-0.5633004903793335
frame_0095.jpg,0.5125724673271179,0.4566112756729126,-1.9889566898345947,0.5558289885520935,0.41240814328193665,-1.8746051788330078,0.5821780562400818,0.4133457839488983,-1.8753279447555542,0.6072266101837158,0.4150311350822449,-1.8760071992874146,0.4660784602165222,0.4147404730319977,-1.86140775680542,0.435043066740036,0.41665950417518616,-1.8599690198898315,0.4074370861053467,0.41917216777801514,-1.8611243963241577,0.6556047797203064,0.4420974552631378,-1.0547386407852173,0.3689393699169159,0.44969305396080017,-1.0245921611785889,0.574851393699646,0.5048800110816956,-1.6704589128494263,0.4569639265537262,0.5082923173904419,-1.67547607421875,0.8908273577690125,0.6812557578086853,-0.5033949017524719,0.18301789462566376,0.6868407130241394,-0.5593478679656982
frame_0096.jpg,0.5317238569259644,0.45166492462158203,-1.770304560661316,0.5697418451309204,0.409032940864563,-1.6525566577911377,0.5931212902069092,0.4097508490085602,-1.652742862701416,0.6188047528266907,0.41080087423324585,-1.6532472372055054,0.4858456552028656,0.4117377996444702,-1.6658992767333984,0.45358771085739136,0.4137994647026062,-1.6650890111923218,0.42481178045272827,0.41632184386253357,-1.6662373542785645,0.6625321507453918,0.4390494227409363,-0.9122911691665649,0.38215726613998413,0.4473329484462738,-0.954406201839447,0.5875216722488403,0.49932050704956055,-1.4937692880630493,0.4772545099258423,0.5030515789985657,-1.50821053981781,0.8911087512969971,0.6812703013420105,-0.38022491335868835,0.18975406885147095,0.6761759519577026,-0.5907745957374573
frame_0097.jpg,0.5379933714866638,0.4477629065513611,-1.848394751548767,0.5756798386573792,0.4062894582748413,-1.732041597366333,0.5987223982810974,0.4072674512863159,-1.7325800657272339,0.6253915429115295,0.4083472788333893,-1.7330818176269531,0.49234575033187866,0.40774840116500854,-1.7448139190673828,0.45957478880882263,0.40930017828941345,-1.7441542148590088,0.4306296110153198,0.41102102398872375,-1.7453289031982422,0.6683024168014526,0.4367038309574127,-0.9192187190055847,0.3863834738731384,0.4417901039123535,-0.9826207756996155,0.5922549962997437,0.4963840842247009,-1.5529727935791016,0.48208850622177124,0.4985562860965729,-1.559036374092102,0.8919356465339661,0.6817273497581482,-0.3376661539077759,0.18908029794692993,0.6714519262313843,-0.5899410247802734
